{"management_test.csv": 0.25, "machine_learning_test.csv": 0.3181818181818182, "high_school_psychology_test.csv": 0.19444444444444445, "abstract_algebra_test.csv": 0.3157894736842105, "high_school_computer_science_test.csv": 0.15789473684210525, "formal_logic_test.csv": 0.2, "virology_test.csv": 0.24242424242424243, "professional_psychology_test.csv": 0.1885245901639344, "high_school_chemistry_test.csv": 0.175, "high_school_european_history_test.csv": 0.15625, "global_facts_test.csv": 0.3684210526315789, "moral_scenarios_test.csv": 0.20224719101123595, "nutrition_test.csv": 0.22950819672131148, "high_school_microeconomics_test.csv": 0.3404255319148936, "miscellaneous_test.csv": 0.1858974358974359, "clinical_knowledge_test.csv": 0.19230769230769232, "high_school_government_and_politics_test.csv": 0.2631578947368421, "college_physics_test.csv": 0.25, "college_biology_test.csv": 0.39285714285714285, "anatomy_test.csv": 0.34615384615384615, "high_school_biology_test.csv": 0.22950819672131148, "high_school_geography_test.csv": 0.358974358974359, "high_school_us_history_test.csv": 0.25, "college_mathematics_test.csv": 0.3157894736842105, "jurisprudence_test.csv": 0.23809523809523808, "electrical_engineering_test.csv": 0.17857142857142858, "high_school_world_history_test.csv": 0.2127659574468085, "elementary_mathematics_test.csv": 0.24, "world_religions_test.csv": 0.11764705882352941, "moral_disputes_test.csv": 0.21739130434782608, "professional_accounting_test.csv": 0.30357142857142855, "prehistory_test.csv": 0.21875, "college_computer_science_test.csv": 0.3157894736842105, "medical_genetics_test.csv": 0.2631578947368421, "high_school_mathematics_test.csv": 0.18867924528301888, "conceptual_physics_test.csv": 0.17391304347826086, "logical_fallacies_test.csv": 0.21875, "marketing_test.csv": 0.2826086956521739, "professional_medicine_test.csv": 0.2962962962962963, "high_school_physics_test.csv": 0.23333333333333334, "sociology_test.csv": 0.175, "human_sexuality_test.csv": 0.2692307692307692, "high_school_statistics_test.csv": 0.23255813953488372, "high_school_macroeconomics_test.csv": 0.23376623376623376, "international_law_test.csv": 0.25, "business_ethics_test.csv": 0.2631578947368421, "philosophy_test.csv": 0.22580645161290322, "astronomy_test.csv": 0.23333333333333334, "computer_security_test.csv": 0.21052631578947367, "college_medicine_test.csv": 0.20588235294117646, "security_studies_test.csv": 0.2916666666666667, "college_chemistry_test.csv": 0.3684210526315789, "econometrics_test.csv": 0.18181818181818182, "public_relations_test.csv": 0.38095238095238093, "us_foreign_policy_test.csv": 0.2631578947368421, "human_aging_test.csv": 0.22727272727272727, "professional_law_test.csv": 0.24836601307189543}