{"astronomy_test.csv": 0.04, "high_school_statistics_test.csv": 0.05714285714285714, "anatomy_test.csv": 0.09090909090909091, "world_religions_test.csv": 0.10714285714285714, "high_school_world_history_test.csv": 0.0, "sociology_test.csv": 0.06060606060606061, "high_school_mathematics_test.csv": 0.06818181818181818, "high_school_macroeconomics_test.csv": 0.03125, "college_computer_science_test.csv": 0.1875, "medical_genetics_test.csv": 0.1875, "high_school_physics_test.csv": 0.08, "security_studies_test.csv": 0.025, "electrical_engineering_test.csv": 0.16666666666666666, "high_school_chemistry_test.csv": 0.030303030303030304, "high_school_computer_science_test.csv": 0.0, "nutrition_test.csv": 0.0, "moral_disputes_test.csv": 0.017543859649122806, "philosophy_test.csv": 0.0, "college_medicine_test.csv": 0.03571428571428571, "computer_security_test.csv": 0.0625, "jurisprudence_test.csv": 0.0, "professional_law_test.csv": 0.01568627450980392, "high_school_government_and_politics_test.csv": 0.0, "college_physics_test.csv": 0.0625, "management_test.csv": 0.23529411764705882, "miscellaneous_test.csv": 0.06153846153846154, "human_aging_test.csv": 0.0, "marketing_test.csv": 0.10526315789473684, "high_school_biology_test.csv": 0.0784313725490196, "human_sexuality_test.csv": 0.09523809523809523, "business_ethics_test.csv": 0.0625, "high_school_geography_test.csv": 0.03125, "public_relations_test.csv": 0.05555555555555555, "logical_fallacies_test.csv": 0.037037037037037035, "high_school_microeconomics_test.csv": 0.0, "high_school_psychology_test.csv": 0.06666666666666667, "us_foreign_policy_test.csv": 0.0625, "elementary_mathematics_test.csv": 0.03225806451612903, "professional_psychology_test.csv": 0.039603960396039604, "formal_logic_test.csv": 0.05, "clinical_knowledge_test.csv": 0.022727272727272728, "conceptual_physics_test.csv": 0.10256410256410256, "econometrics_test.csv": 0.1111111111111111, "high_school_european_history_test.csv": 0.037037037037037035, "moral_scenarios_test.csv": 0.026845637583892617, "virology_test.csv": 0.07407407407407407, "international_law_test.csv": 0.05, "high_school_us_history_test.csv": 0.06060606060606061, "machine_learning_test.csv": 0.05555555555555555, "professional_medicine_test.csv": 0.0, "college_chemistry_test.csv": 0.125, "prehistory_test.csv": 0.03773584905660377, "college_mathematics_test.csv": 0.0625, "global_facts_test.csv": 0.125, "abstract_algebra_test.csv": 0.0, "college_biology_test.csv": 0.043478260869565216, "professional_accounting_test.csv": 0.06521739130434782}