{"computer_security_test.csv": 0.05263157894736842, "security_studies_test.csv": 0.0, "professional_medicine_test.csv": 0.0, "high_school_biology_test.csv": 0.01639344262295082, "business_ethics_test.csv": 0.0, "nutrition_test.csv": 0.04918032786885246, "professional_psychology_test.csv": 0.01639344262295082, "high_school_statistics_test.csv": 0.046511627906976744, "medical_genetics_test.csv": 0.10526315789473684, "sociology_test.csv": 0.0, "high_school_physics_test.csv": 0.0, "college_biology_test.csv": 0.07142857142857142, "high_school_government_and_politics_test.csv": 0.0, "jurisprudence_test.csv": 0.0, "high_school_world_history_test.csv": 0.02127659574468085, "high_school_european_history_test.csv": 0.0, "international_law_test.csv": 0.0, "human_sexuality_test.csv": 0.0, "conceptual_physics_test.csv": 0.043478260869565216, "moral_scenarios_test.csv": 0.0056179775280898875, "anatomy_test.csv": 0.0, "elementary_mathematics_test.csv": 0.05333333333333334, "human_aging_test.csv": 0.09090909090909091, "electrical_engineering_test.csv": 0.10714285714285714, "college_mathematics_test.csv": 0.0, "management_test.csv": 0.15, "high_school_us_history_test.csv": 0.0, "high_school_mathematics_test.csv": 0.018867924528301886, "professional_law_test.csv": 0.0196078431372549, "clinical_knowledge_test.csv": 0.019230769230769232, "college_medicine_test.csv": 0.029411764705882353, "high_school_macroeconomics_test.csv": 0.025974025974025976, "global_facts_test.csv": 0.05263157894736842, "high_school_computer_science_test.csv": 0.0, "marketing_test.csv": 0.021739130434782608, "moral_disputes_test.csv": 0.0, "public_relations_test.csv": 0.0, "professional_accounting_test.csv": 0.017857142857142856, "abstract_algebra_test.csv": 0.05263157894736842, "econometrics_test.csv": 0.0, "world_religions_test.csv": 0.058823529411764705, "high_school_chemistry_test.csv": 0.0, "astronomy_test.csv": 0.0, "machine_learning_test.csv": 0.045454545454545456, "philosophy_test.csv": 0.016129032258064516, "high_school_microeconomics_test.csv": 0.02127659574468085, "college_computer_science_test.csv": 0.0, "logical_fallacies_test.csv": 0.0, "miscellaneous_test.csv": 0.07051282051282051, "formal_logic_test.csv": 0.0, "college_physics_test.csv": 0.05, "virology_test.csv": 0.12121212121212122, "high_school_psychology_test.csv": 0.009259259259259259, "college_chemistry_test.csv": 0.0, "us_foreign_policy_test.csv": 0.0, "prehistory_test.csv": 0.015625, "high_school_geography_test.csv": 0.05128205128205128}